{
  "machineSpecs": {
    "os": "macOS 26.1",
    "cpu": "Apple M2 Pro",
    "cores": 10,
    "memory": "32GB"
  },
  "results": {
    "vercube": {
      "build": {
        "mean": 0.56496325928,
        "stddev": 0.008978032692071838,
        "median": 0.5639094464800001,
        "min": 0.55202063448,
        "max": 0.57692934248,
        "relative": 1
      },
      "coldStart": {
        "mean": 0.5968277696,
        "stddev": 0.027170724582885445,
        "median": 0.6001368093,
        "min": 0.5462628508,
        "max": 0.6393996428000001,
        "relative": 1
      },
      "loadTest": {
        "requests": {
          "average": 52780.62,
          "mean": 52780.62,
          "stddev": 3485.91,
          "min": 46210,
          "max": 58940,
          "total": 1583418,
          "p0_001": 46240,
          "p0_01": 46240,
          "p0_1": 46240,
          "p1": 46240,
          "p2_5": 46240,
          "p10": 49820,
          "p25": 51290,
          "p50": 53110,
          "p75": 54870,
          "p90": 56940,
          "p97_5": 58890,
          "p99": 58890,
          "p99_9": 58890,
          "p99_99": 58890,
          "p99_999": 58890,
          "sent": 1584518
        },
        "throughput": {
          "average": 9674205.87,
          "mean": 9674205.87,
          "stddev": 517989.89,
          "min": 8089263,
          "max": 10314576,
          "total": 290222199,
          "p0_001": 8089599,
          "p0_01": 8089599,
          "p0_1": 8089599,
          "p1": 8089599,
          "p2_5": 8089599,
          "p10": 8962047,
          "p25": 9371647,
          "p50": 9863167,
          "p75": 9994239,
          "p90": 10133503,
          "p97_5": 10321919,
          "p99": 10321919,
          "p99_9": 10321919,
          "p99_99": 10321919,
          "p99_999": 10321919
        },
        "latency": {
          "mean": 25.23,
          "stddev": 14.85,
          "p50": 18,
          "p75": 35,
          "p90": 36,
          "p95": 38,
          "p99": 42
        },
        "errors": 0
      },
      "resources": {
        "cpu": {
          "mean": 0.06168831168831169,
          "max": 19,
          "p95": 0
        },
        "memory": {
          "mean": 130.11000000000044,
          "max": 130.11,
          "p95": 130.11
        }
      }
    },
    "nestjs": {
      "build": {
        "mean": 1.86038886338,
        "stddev": 0.053729102901405076,
        "median": 1.84660027998,
        "min": 1.76634767548,
        "max": 1.94337109248,
        "relative": 1
      },
      "coldStart": {
        "mean": 0.7917207715000002,
        "stddev": 0.0398257439196569,
        "median": 0.7890782673000001,
        "min": 0.7370786008000001,
        "max": 0.9315128088000001,
        "relative": 1
      },
      "loadTest": {
        "requests": {
          "average": 37621.87,
          "mean": 37621.87,
          "stddev": 1975.72,
          "min": 29078,
          "max": 38866,
          "total": 1128692,
          "p0_001": 29087,
          "p0_01": 29087,
          "p0_1": 29087,
          "p1": 29087,
          "p2_5": 29087,
          "p10": 36287,
          "p25": 37663,
          "p50": 38239,
          "p75": 38623,
          "p90": 38783,
          "p97_5": 38879,
          "p99": 38879,
          "p99_9": 38879,
          "p99_99": 38879,
          "p99_999": 38879,
          "sent": 1129692
        },
        "throughput": {
          "average": 11625267.2,
          "mean": 11625267.2,
          "stddev": 610702.85,
          "min": 8985102,
          "max": 12009594,
          "total": 348765828,
          "p0_001": 8986623,
          "p0_01": 8986623,
          "p0_1": 8986623,
          "p1": 8986623,
          "p2_5": 8986623,
          "p10": 11206655,
          "p25": 11640831,
          "p50": 11812863,
          "p75": 11935743,
          "p90": 11984895,
          "p97_5": 12017663,
          "p99": 12017663,
          "p99_9": 12017663,
          "p99_99": 12017663,
          "p99_999": 12017663
        },
        "latency": {
          "mean": 26.07,
          "stddev": 13.26,
          "p50": 20,
          "p75": 39,
          "p90": 40,
          "p95": 41,
          "p99": 44
        },
        "errors": 0
      },
      "resources": {
        "cpu": {
          "mean": 0.07142857142857142,
          "max": 22,
          "p95": 0
        },
        "memory": {
          "mean": 130.16000000000054,
          "max": 130.16,
          "p95": 130.16
        }
      }
    },
    "routing-controllers": {
      "build": {
        "mean": 0.78651353418,
        "stddev": 0.03390286992943298,
        "median": 0.7898123424800001,
        "min": 0.73623017548,
        "max": 0.84195317548,
        "relative": 1
      },
      "coldStart": {
        "mean": 0.69517840495,
        "stddev": 0.03744592088263257,
        "median": 0.6904942678000001,
        "min": 0.6427655178,
        "max": 0.7765871418,
        "relative": 1
      },
      "loadTest": {
        "requests": {
          "average": 36845.07,
          "mean": 36845.07,
          "stddev": 1048.15,
          "min": 32316,
          "max": 37596,
          "total": 1105320,
          "p0_001": 32319,
          "p0_01": 32319,
          "p0_1": 32319,
          "p1": 32319,
          "p2_5": 32319,
          "p10": 35647,
          "p25": 36831,
          "p50": 37279,
          "p75": 37439,
          "p90": 37503,
          "p97_5": 37599,
          "p99": 37599,
          "p99_9": 37599,
          "p99_99": 37599,
          "p99_999": 37599,
          "sent": 1106320
        },
        "throughput": {
          "average": 11863654.4,
          "mean": 11863654.4,
          "stddev": 337374.84,
          "min": 10405752,
          "max": 12105912,
          "total": 355913040,
          "p0_001": 10412031,
          "p0_01": 10412031,
          "p0_1": 10412031,
          "p1": 10412031,
          "p2_5": 10412031,
          "p10": 11468799,
          "p25": 11853823,
          "p50": 12001279,
          "p75": 12058623,
          "p90": 12075007,
          "p97_5": 12107775,
          "p99": 12107775,
          "p99_9": 12107775,
          "p99_99": 12107775,
          "p99_999": 12107775
        },
        "latency": {
          "mean": 26.64,
          "stddev": 14.92,
          "p50": 20,
          "p75": 39,
          "p90": 41,
          "p95": 42,
          "p99": 43
        },
        "errors": 0
      },
      "resources": {
        "cpu": {
          "mean": 0.0744336569579288,
          "max": 23,
          "p95": 0
        },
        "memory": {
          "mean": 131.0199999999997,
          "max": 131.02,
          "p95": 131.02
        }
      }
    }
  }
}