{
  "machineSpecs": {
    "os": "macOS 26.1",
    "cpu": "Apple M2 Pro",
    "cores": 10,
    "memory": "32GB"
  },
  "results": {
    "vercube": {
      "build": {
        "mean": 0.5789647416000001,
        "stddev": 0.008977185354758563,
        "median": 0.5812524165999999,
        "min": 0.5576096256,
        "max": 0.5883021256000001,
        "relative": 1
      },
      "coldStart": {
        "mean": 0.5536972044599999,
        "stddev": 0.011002584354509072,
        "median": 0.5536146997600001,
        "min": 0.52545072126,
        "max": 0.5721444292600001,
        "relative": 1
      },
      "loadTest": {
        "requests": {
          "average": 42445.87,
          "mean": 42445.87,
          "stddev": 1010.24,
          "min": 37615,
          "max": 43062,
          "total": 1273313,
          "p0_001": 37631,
          "p0_01": 37631,
          "p0_1": 37631,
          "p1": 37631,
          "p2_5": 37631,
          "p10": 41215,
          "p25": 42591,
          "p50": 42751,
          "p75": 42847,
          "p90": 43007,
          "p97_5": 43071,
          "p99": 43071,
          "p99_9": 43071,
          "p99_99": 43071,
          "p99_999": 43071,
          "sent": 1274313
        },
        "throughput": {
          "average": 10567953.07,
          "mean": 10567953.07,
          "stddev": 250927.92,
          "min": 9366135,
          "max": 10722438,
          "total": 317054937,
          "p0_001": 9371647,
          "p0_01": 9371647,
          "p0_1": 9371647,
          "p1": 9371647,
          "p2_5": 9371647,
          "p10": 10264575,
          "p25": 10600447,
          "p50": 10649599,
          "p75": 10665983,
          "p90": 10706943,
          "p97_5": 10723327,
          "p99": 10723327,
          "p99_9": 10723327,
          "p99_99": 10723327,
          "p99_999": 10723327
        },
        "latency": {
          "mean": 23.06,
          "stddev": 11.73,
          "p50": 17,
          "p75": 34,
          "p90": 35,
          "p95": 35,
          "p99": 36
        },
        "errors": 0
      },
      "resources": {
        "cpu": {
          "mean": 0.05863192182410423,
          "max": 18,
          "p95": 0
        },
        "memory": {
          "mean": 130,
          "max": 130,
          "p95": 130
        }
      }
    },
    "nestjs": {
      "build": {
        "mean": 1.8391099165,
        "stddev": 0.01766949155322476,
        "median": 1.8400212081,
        "min": 1.8122368756000002,
        "max": 1.8754160826000001,
        "relative": 3.1765490786494546
      },
      "coldStart": {
        "mean": 0.7342192834100002,
        "stddev": 0.030178474746104002,
        "median": 0.7276322832600001,
        "min": 0.6836366382600001,
        "max": 0.7850343872600001,
        "relative": 1.3260303239675133
      },
      "loadTest": {
        "requests": {
          "average": 38820.27,
          "mean": 38820.27,
          "stddev": 1010.23,
          "min": 34646,
          "max": 39866,
          "total": 1164586,
          "p0_001": 34655,
          "p0_01": 34655,
          "p0_1": 34655,
          "p1": 34655,
          "p2_5": 34655,
          "p10": 37503,
          "p25": 38591,
          "p50": 39135,
          "p75": 39391,
          "p90": 39615,
          "p97_5": 39871,
          "p99": 39871,
          "p99_9": 39871,
          "p99_99": 39871,
          "p99_999": 39871,
          "sent": 1165586
        },
        "throughput": {
          "average": 11994453.34,
          "mean": 11994453.34,
          "stddev": 312446.03,
          "min": 10705614,
          "max": 12318594,
          "total": 359857074,
          "p0_001": 10706943,
          "p0_01": 10706943,
          "p0_1": 10706943,
          "p1": 10706943,
          "p2_5": 10706943,
          "p10": 11583487,
          "p25": 11919359,
          "p50": 12091391,
          "p75": 12173311,
          "p90": 12247039,
          "p97_5": 12320767,
          "p99": 12320767,
          "p99_9": 12320767,
          "p99_99": 12320767,
          "p99_999": 12320767
        },
        "latency": {
          "mean": 25.25,
          "stddev": 11.41,
          "p50": 20,
          "p75": 38,
          "p90": 40,
          "p95": 41,
          "p99": 41
        },
        "errors": 0
      },
      "resources": {
        "cpu": {
          "mean": 0.032467532467532464,
          "max": 10,
          "p95": 0
        },
        "memory": {
          "mean": 130.01999999999973,
          "max": 130.02,
          "p95": 130.02
        }
      }
    },
    "routing-controllers": {
      "build": {
        "mean": 0.7706018501,
        "stddev": 0.008205490783556894,
        "median": 0.7718249171,
        "min": 0.7572103336,
        "max": 0.7836114166,
        "relative": 1.3309996183366892
      },
      "coldStart": {
        "mean": 0.6781657355100001,
        "stddev": 0.025392694277679838,
        "median": 0.6774541377600001,
        "min": 0.6379061372600001,
        "max": 0.7177106792600001,
        "relative": 1.224795303366918
      },
      "loadTest": {
        "requests": {
          "average": 36839.74,
          "mean": 36839.74,
          "stddev": 1010.27,
          "min": 32733,
          "max": 38020,
          "total": 1105103,
          "p0_001": 32735,
          "p0_01": 32735,
          "p0_1": 32735,
          "p1": 32735,
          "p2_5": 32735,
          "p10": 35775,
          "p25": 36223,
          "p50": 37215,
          "p75": 37471,
          "p90": 37631,
          "p97_5": 38047,
          "p99": 38047,
          "p99_9": 38047,
          "p99_99": 38047,
          "p99_999": 38047,
          "sent": 1106103
        },
        "throughput": {
          "average": 11861469.87,
          "mean": 11861469.87,
          "stddev": 325045.82,
          "min": 10540026,
          "max": 12242440,
          "total": 355843166,
          "p0_001": 10543103,
          "p0_01": 10543103,
          "p0_1": 10543103,
          "p1": 10543103,
          "p2_5": 10543103,
          "p10": 11517951,
          "p25": 11665407,
          "p50": 11976703,
          "p75": 12066815,
          "p90": 12115967,
          "p97_5": 12247039,
          "p99": 12247039,
          "p99_9": 12247039,
          "p99_99": 12247039,
          "p99_999": 12247039
        },
        "latency": {
          "mean": 26.64,
          "stddev": 14.1,
          "p50": 21,
          "p75": 39,
          "p90": 41,
          "p95": 43,
          "p99": 43
        },
        "errors": 0
      },
      "resources": {
        "cpu": {
          "mean": 0.06818181818181818,
          "max": 21,
          "p95": 0
        },
        "memory": {
          "mean": 129.58000000000098,
          "max": 129.58,
          "p95": 129.58
        }
      }
    },
    "tsed": {
      "build": {
        "mean": 0.9686552625000001,
        "stddev": 0.025896619856116968,
        "median": 0.9593409375999999,
        "min": 0.9484487916000001,
        "max": 1.0245849166,
        "relative": 1.6730816108474402
      },
      "coldStart": {
        "mean": 1.33429317096,
        "stddev": 0.034866049439513006,
        "median": 1.32767738726,
        "min": 1.28279372026,
        "max": 1.40835701226,
        "relative": 2.409788527397905
      },
      "loadTest": {
        "requests": {
          "average": 19364.41,
          "mean": 19364.41,
          "stddev": 809.42,
          "min": 15595,
          "max": 20199,
          "total": 580912,
          "p0_001": 15599,
          "p0_01": 15599,
          "p0_1": 15599,
          "p1": 15599,
          "p2_5": 15599,
          "p10": 18479,
          "p25": 19359,
          "p50": 19567,
          "p75": 19807,
          "p90": 19855,
          "p97_5": 20207,
          "p99": 20207,
          "p99_9": 20207,
          "p99_99": 20207,
          "p99_999": 20207,
          "sent": 581912
        },
        "throughput": {
          "average": 7493768.54,
          "mean": 7493768.54,