{
  "machineSpecs": {
    "os": "macOS 26.1",
    "cpu": "Apple M2 Pro",
    "cores": 10,
    "memory": "32GB"
  },
  "results": {
    "vercube": {
      "build": {
        "mean": 0.55336753588,
        "stddev": 0.004727962257258409,
        "median": 0.5524252485800001,
        "min": 0.5468981445800001,
        "max": 0.56052851958,
        "relative": 1
      },
      "coldStart": {
        "mean": 0.56874237211,
        "stddev": 0.07002755709306685,
        "median": 0.5519562866600001,
        "min": 0.52067109916,
        "max": 0.85477664016,
        "relative": 1
      },
      "loadTest": {
        "requests": {
          "average": 42337.07,
          "mean": 42337.07,
          "stddev": 940.31,
          "min": 37512,
          "max": 42802,
          "total": 1270109,
          "p0_001": 37535,
          "p0_01": 37535,
          "p0_1": 37535,
          "p1": 37535,
          "p2_5": 37535,
          "p10": 41599,
          "p25": 42495,
          "p50": 42591,
          "p75": 42623,
          "p90": 42751,
          "p97_5": 42815,
          "p99": 42815,
          "p99_9": 42815,
          "p99_99": 42815,
          "p99_999": 42815,
          "sent": 1271109
        },
        "throughput": {
          "average": 10542011.74,
          "mean": 10542011.74,
          "stddev": 233881.09,
          "min": 9340488,
          "max": 10657698,
          "total": 316257141,
          "p0_001": 9347071,
          "p0_01": 9347071,
          "p0_1": 9347071,
          "p1": 9347071,
          "p2_5": 9347071,
          "p10": 10362879,
          "p25": 10575871,
          "p50": 10600447,
          "p75": 10616831,
          "p90": 10649599,
          "p97_5": 10657791,
          "p99": 10657791,
          "p99_9": 10657791,
          "p99_99": 10657791,
          "p99_999": 10657791
        },
        "latency": {
          "mean": 23.12,
          "stddev": 11.72,
          "p50": 17,
          "p75": 34,
          "p90": 34,
          "p95": 35,
          "p99": 35
        },
        "errors": 0
      },
      "resources": {
        "cpu": {
          "mean": 0.05844155844155844,
          "max": 18,
          "p95": 0
        },
        "memory": {
          "mean": 129.63999999999956,
          "max": 129.64,
          "p95": 129.64
        }
      }
    },
    "nestjs": {
      "build": {
        "mean": 1.83000740668,
        "stddev": 0.029362975213752973,
        "median": 1.8276295190799998,
        "min": 1.79630056058,
        "max": 1.87957272758,
        "relative": 1
      },
      "coldStart": {
        "mean": 0.77466133891,
        "stddev": 0.1080903626805726,
        "median": 0.70969297416,
        "min": 0.66993155816,
        "max": 1.06950034916,
        "relative": 1
      },
      "loadTest": {
        "requests": {
          "average": 38043.74,
          "mean": 38043.74,
          "stddev": 963.29,
          "min": 35024,
          "max": 39166,
          "total": 1141265,
          "p0_001": 35039,
          "p0_01": 35039,
          "p0_1": 35039,
          "p1": 35039,
          "p2_5": 35039,
          "p10": 36479,
          "p25": 37407,
          "p50": 38143,
          "p75": 38847,
          "p90": 39103,
          "p97_5": 39167,
          "p99": 39167,
          "p99_9": 39167,
          "p99_99": 39167,
          "p99_999": 39167,
          "sent": 1142265
        },
        "throughput": {
          "average": 11755246.94,
          "mean": 11755246.94,
          "stddev": 297846.02,
          "min": 10822416,
          "max": 12102294,
          "total": 352650885,
          "p0_001": 10829823,
          "p0_01": 10829823,
          "p0_1": 10829823,
          "p1": 10829823,
          "p2_5": 10829823,
          "p10": 11272191,
          "p25": 11550719,
          "p50": 11780095,
          "p75": 12001279,
          "p90": 12083199,
          "p97_5": 12107775,
          "p99": 12107775,
          "p99_9": 12107775,
          "p99_99": 12107775,
          "p99_999": 12107775
        },
        "latency": {
          "mean": 25.78,
          "stddev": 12.93,
          "p50": 20,
          "p75": 39,
          "p90": 40,
          "p95": 41,
          "p99": 42
        },
        "errors": 0
      },
      "resources": {
        "cpu": {
          "mean": 0.06818181818181818,
          "max": 21,
          "p95": 0
        },
        "memory": {
          "mean": 129.65019480519524,
          "max": 129.66,
          "p95": 129.66
        }
      }
    },
    "routing-controllers": {
      "build": {
        "mean": 0.7674635736800001,
        "stddev": 0.009228732147812157,
        "median": 0.76508024908,
        "min": 0.75783481058,
        "max": 0.7886052275800001,
        "relative": 1
      },
      "coldStart": {
        "mean": 0.63688869931,
        "stddev": 0.015087358017656545,
        "median": 0.63599268266,
        "min": 0.60914151616,
        "max": 0.67148297416,
        "relative": 1
      },
      "loadTest": {
        "requests": {
          "average": 36769.87,
          "mean": 36769.87,
          "stddev": 988.34,
          "min": 32687,
          "max": 37868,
          "total": 1103105,
          "p0_001": 32687,
          "p0_01": 32687,
          "p0_1": 32687,
          "p1": 32687,
          "p2_5": 32687,
          "p10": 35775,
          "p25": 36351,
          "p50": 37119,
          "p75": 37535,
          "p90": 37599,
          "p97_5": 37887,
          "p99": 37887,
          "p99_9": 37887,
          "p99_99": 37887,
          "p99_999": 37887,
          "sent": 1104105
        },
        "throughput": {
          "average": 11839897.6,
          "mean": 11839897.6,
          "stddev": 319525.81,
          "min": 10525214,
          "max": 12193496,
          "total": 355199810,
          "p0_001": 10526719,
          "p0_01": 10526719,
          "p0_1": 10526719,
          "p1": 10526719,
          "p2_5": 10526719,
          "p10": 11509759,
          "p25": 11706367,
          "p50": 11952127,
          "p75": 12083199,
          "p90": 12107775,
          "p97_5": 12197887,
          "p99": 12197887,
          "p99_9": 12197887,
          "p99_99": 12197887,
          "p99_999": 12197887
        },
        "latency": {
          "mean": 26.69,
          "stddev": 14,
          "p50": 21,
          "p75": 39,
          "p90": 41,
          "p95": 42,
          "p99": 43
        },
        "errors": 0
      },
      "resources": {
        "cpu": {
          "mean": 0.037337662337662336,
          "max": 11.5,
          "p95": 0
        },
        "memory": {
          "mean": 129.8399999999995,
          "max": 129.84,
          "p95": 129.84
        }
      }
    },
    "tsed": {
      "build": {
        "mean": 0.94981404838,
        "stddev": 0.015776313552929085,
        "median": 0.9472869150800001,
        "min": 0.92542089358,
        "max": 0.9865573525800001,
        "relative": 1
      },
      "coldStart": {
        "mean": 1.35455250331,
        "stddev": 0.17687926752231806,
        "median": 1.2929577451599998,
        "min": 1.23119934916,
        "max": 1.9409858901600001,
        "relative": 1
      },
      "loadTest": {
        "requests": {
          "average": 20304.67,
          "mean": 20304.67,
          "stddev": 1008.98,
          "min": 15742,
          "max": 21033,
          "total": 609113,
          "p0_001": 15743,
          "p0_01": 15743,
          "p0_1": 15743,
          "p1": 15743,
          "p2_5": 15743,
          "p10": 19311,
          "p25": 20367,
          "p50": 20591,
          "p75": 20911,
          "p90": 21007,
          "p97_5": 21039,
          "p99": 21039,
          "p99_9": 21039,
          "p99_99": 21039,
          "p99_999": 21039,
          "sent": 610113
        },
        "throughput": {
          "average": 7857629.87,
          "mean": 7857629.87,
          "stddev": 390079.92,
          "min": 6092154,
          "max": 8139771,
          "total": 235726731,
          "p0_001": 6094847,