{
  "machineSpecs": {
    "os": "macOS 26.2",
    "cpu": "Apple M4 Pro",
    "cores": 12,
    "memory": "48GB"
  },
  "results": {
    "vercube": {
      "build": {
        "mean": 0.28279080506000004,
        "stddev": 0.009387544341492587,
        "median": 0.27972712986000003,
        "min": 0.27332956786,
        "max": 0.30265698386,
        "relative": 1
      },
      "coldStart": {
        "mean": 0.27982832095000004,
        "stddev": 0.01356983077042366,
        "median": 0.27949007940000004,
        "min": 0.2545231209,
        "max": 0.32089616190000003,
        "relative": 1
      },
      "loadTest": {
        "requests": {
          "average": 95587.74,
          "mean": 95587.74,
          "stddev": 10106.44,
          "min": 49807,
          "max": 104659,
          "total": 2867428,
          "p0_001": 49823,
          "p0_01": 49823,
          "p0_1": 49823,
          "p1": 49823,
          "p2_5": 49823,
          "p10": 85759,
          "p25": 95743,
          "p50": 98047,
          "p75": 100479,
          "p90": 100991,
          "p97_5": 104703,
          "p99": 104703,
          "p99_9": 104703,
          "p99_99": 104703,
          "p99_999": 104703,
          "sent": 2868428
        },
        "throughput": {
          "average": 23321122.14,
          "mean": 23321122.14,
          "stddev": 2466264.27,
          "min": 12152908,
          "max": 25536796,
          "total": 699652432,
          "p0_001": 12156927,
          "p0_01": 12156927,
          "p0_1": 12156927,
          "p1": 12156927,
          "p2_5": 12156927,
          "p10": 20922367,
          "p25": 23363583,
          "p50": 23920639,
          "p75": 24510463,
          "p90": 24641535,
          "p97_5": 25542655,
          "p99": 25542655,
          "p99_9": 25542655,
          "p99_99": 25542655,
          "p99_999": 25542655
        },
        "latency": {
          "mean": 9.97,
          "stddev": 10.46,
          "p50": 7,
          "p75": 13,
          "p90": 16,
          "p95": 19,
          "p99": 20
        },
        "errors": 0
      },
      "resources": null
    },
    "nestjs": {
      "build": {
        "mean": 1.29531453006,
        "stddev": 0.014868002340049084,
        "median": 1.2985981513599998,
        "min": 1.2654444008599999,
        "max": 1.3127491088599998,
        "relative": 4.580469049498167
      },
      "coldStart": {
        "mean": 0.37702401685000003,
        "stddev": 0.015439842305069078,
        "median": 0.37587187090000007,
        "min": 0.3497365799,
        "max": 0.40983128690000004,
        "relative": 1.3473404534967246
      },
      "loadTest": {
        "requests": {
          "average": 82705.07,
          "mean": 82705.07,
          "stddev": 3373.47,
          "min": 76975,
          "max": 87937,
          "total": 2480985,
          "p0_001": 76991,
          "p0_01": 76991,
          "p0_1": 76991,
          "p1": 76991,
          "p2_5": 76991,
          "p10": 77759,
          "p25": 80383,
          "p50": 82495,
          "p75": 85759,
          "p90": 86719,
          "p97_5": 87999,
          "p99": 87999,
          "p99_9": 87999,
          "p99_99": 87999,
          "p99_999": 87999,
          "sent": 2481985
        },
        "throughput": {
          "average": 25554124.8,
          "mean": 25554124.8,
          "stddev": 1040355.19,
          "min": 23785275,
          "max": 27172533,
          "total": 766624365,
          "p0_001": 23789567,
          "p0_01": 23789567,
          "p0_1": 23789567,
          "p1": 23789567,
          "p2_5": 23789567,
          "p10": 24018943,
          "p25": 24838143,
          "p50": 25493503,
          "p75": 26492927,
          "p90": 26787839,
          "p97_5": 27181055,
          "p99": 27181055,
          "p99_9": 27181055,
          "p99_99": 27181055,
          "p99_999": 27181055
        },
        "latency": {
          "mean": 11.58,
          "stddev": 6.35,
          "p50": 9,
          "p75": 15,
          "p90": 18,
          "p95": 19,
          "p99": 20
        },
        "errors": 0
      },
      "resources": null
    },
    "routing-controllers": {
      "build": {
        "mean": 0.42196489256,
        "stddev": 0.007546084577132388,
        "median": 0.42236910886,
        "min": 0.41250606786000005,
        "max": 0.43223460986,
        "relative": 1.4921450238471201
      },
      "coldStart": {
        "mean": 0.32931109595,
        "stddev": 0.01775611755990228,
        "median": 0.33064578790000004,
        "min": 0.29914512090000006,
        "max": 0.38095557890000004,
        "relative": 1.1768326194861514
      },
      "loadTest": {
        "requests": {
          "average": 78195.2,
          "mean": 78195.2,
          "stddev": 3631.51,
          "min": 67492,
          "max": 82581,
          "total": 2345841,
          "p0_001": 67519,
          "p0_01": 67519,
          "p0_1": 67519,
          "p1": 67519,
          "p2_5": 67519,
          "p10": 71551,
          "p25": 76671,
          "p50": 79359,
          "p75": 80639,
          "p90": 81855,
          "p97_5": 82623,
          "p99": 82623,
          "p99_9": 82623,
          "p99_99": 82623,
          "p99_999": 82623,
          "sent": 2346841
        },
        "throughput": {
          "average": 25179477.34,
          "mean": 25179477.34,
          "stddev": 1169013.68,
          "min": 21732424,
          "max": 26591082,
          "total": 755360802,
          "p0_001": 21741567,
          "p0_01": 21741567,
          "p0_1": 21741567,
          "p1": 21741567,
          "p2_5": 21741567,
          "p10": 23035903,
          "p25": 24690687,
          "p50": 25559039,
          "p75": 25968639,
          "p90": 26361855,
          "p97_5": 26591231,
          "p99": 26591231,
          "p99_9": 26591231,
          "p99_99": 26591231,
          "p99_999": 26591231
        },
        "latency": {
          "mean": 12.34,
          "stddev": 6.19,
          "p50": 10,
          "p75": 16,
          "p90": 18,
          "p95": 20,
          "p99": 21
        },
        "errors": 0
      },
      "resources": null
    },
    "tsed": {
      "build": {
        "mean": 0.45691431766,
        "stddev": 0.016135382168652984,
        "median": 0.45543427586,
        "min": 0.43596310986000003,
        "max": 0.49130298486,
        "relative": 1.6157325821221662
      },
      "coldStart": {
        "mean": 0.9460548251,
        "stddev": 0.033158534446386445,
        "median": 0.9516412669000001,
        "min": 0.8990681629,
        "max": 1.0211080379,
        "relative": 3.3808401590239394
      },
      "loadTest": {
        "requests": {
          "average": 32156,
          "mean": 32156,
          "stddev": 1096.69,
          "min": 27950,
          "max": 33464,
          "total": 964619,
          "p0_001": 27951,
          "p0_01": 27951,
          "p0_1": 27951,
          "p1": 27951,
          "p2_5": 27951,
          "p10": 30895,
          "p25": 31615,
          "p50": 32383,
          "p75": 32927,
          "p90": 33279,
          "p97_5": 33471,
          "p99": 33471,
          "p99_9": 33471,
          "p99_99": 33471,
          "p99_999": 33471,
          "sent": 965619
        },
        "throughput": {
          "average": 12443374.94,
          "mean": 12443374.94,
          "stddev": 423586.52,
          "min": 10816650,
          "max": 12950568,
          "total": 373307553,
          "p0_001": 10821631,
          "p0_01": 10821631,
          "p0_1": 10821631,
          "p1": 10821631,
          "p2_5": 10821631,
          "p10": 11960319,
          "p25": 12238847,
          "p50": 12533759,
          "p75": 12738559,
          "p90": 12877823,
          "p97_5": 12951551,
          "p99": 12951551,
          "p99_9": 12951551,
          "p99_99": 12951551,
          "p99_999": 12951551
        },
        "latency": {
          "mean": 30.58,
          "stddev": 16.34,
          "p50": 27,
          "p75": 28,