{
  "vercube": {
    "build": {
      "mean": 0.66585914018,
      "stddev": 0.012192772991323658,
      "median": 0.6654338799799999,
      "min": 0.64844920648,
      "max": 0.68685964648,
      "relative": 1
    },
    "coldStart": {
      "mean": 0.5074378607000001,
      "stddev": 0.007395038934666387,
      "median": 0.5061523746000001,
      "min": 0.49720760010000004,
      "max": 0.5266594401000001,
      "relative": 1
    },
    "loadTest": {
      "requests": {
        "average": 7145.37,
        "mean": 7145.37,
        "stddev": 701.18,
        "min": 3678,
        "max": 7549,
        "total": 214347,
        "p0_001": 3679,
        "p0_01": 3679,
        "p0_1": 3679,
        "p1": 3679,
        "p2_5": 3679,
        "p10": 7119,
        "p25": 7231,
        "p50": 7307,
        "p75": 7363,
        "p90": 7391,
        "p97_5": 7551,
        "p99": 7551,
        "p99_9": 7551,
        "p99_99": 7551,
        "p99_999": 7551,
        "sent": 215347
      },
      "throughput": {
        "average": 2300518.4,
        "mean": 2300518.4,
        "stddev": 225754.71,
        "min": 1184316,
        "max": 2430778,
        "total": 69019734,
        "p0_001": 1184767,
        "p0_01": 1184767,
        "p0_1": 1184767,
        "p1": 1184767,
        "p2_5": 1184767,
        "p10": 2293759,
        "p25": 2328575,
        "p50": 2353151,
        "p75": 2371583,
        "p90": 2381823,
        "p97_5": 2430975,
        "p99": 2430975,
        "p99_9": 2430975,
        "p99_99": 2430975,
        "p99_999": 2430975
      },
      "latency": {
        "mean": 139.24,
        "stddev": 177.64,
        "p50": 135,
        "p75": 137,
        "p90": 141,
        "p95": 145,
        "p99": 147
      },
      "errors": 0
    },
    "resources": {
      "cpu": {
        "mean": 40.455,
        "max": 81.82,
        "p95": 81.82
      },
      "memory": {
        "mean": 92.5975,
        "max": 97.13,
        "p95": 97.13
      }
    }
  },
  "nestjs": {
    "build": {
      "mean": 3.1289322161800004,
      "stddev": 0.03388977365338824,
      "median": 3.1225164899799998,
      "min": 3.07336589348,
      "max": 3.19374289448,
      "relative": 1
    },
    "coldStart": {
      "mean": 0.7096018990500002,
      "stddev": 0.006030808375435133,
      "median": 0.7090868751000001,
      "min": 0.7009943561,
      "max": 0.7248268231000001,
      "relative": 1
    },
    "loadTest": {
      "requests": {
        "average": 6672.77,
        "mean": 6672.77,
        "stddev": 599.85,
        "min": 3640,
        "max": 6902,
        "total": 200169,
        "p0_001": 3641,
        "p0_01": 3641,
        "p0_1": 3641,
        "p1": 3641,
        "p2_5": 3641,
        "p10": 6671,
        "p25": 6771,
        "p50": 6827,
        "p75": 6855,
        "p90": 6871,
        "p97_5": 6903,
        "p99": 6903,
        "p99_9": 6903,
        "p99_99": 6903,
        "p99_999": 6903,
        "sent": 201169
      },
      "throughput": {
        "average": 2061636.27,
        "mean": 2061636.27,
        "stddev": 185323.75,
        "min": 1124760,
        "max": 2132718,
        "total": 61852221,
        "p0_001": 1125375,
        "p0_01": 1125375,
        "p0_1": 1125375,
        "p1": 1125375,
        "p2_5": 1125375,
        "p10": 2062335,
        "p25": 2092031,
        "p50": 2109439,
        "p75": 2117631,
        "p90": 2123775,
        "p97_5": 2134015,
        "p99": 2134015,
        "p99_9": 2134015,
        "p99_99": 2134015,
        "p99_999": 2134015
      },
      "latency": {
        "mean": 149.09,
        "stddev": 196.11,
        "p50": 142,
        "p75": 147,
        "p90": 157,
        "p95": 163,
        "p99": 165
      },
      "errors": 0
    },
    "resources": {
      "cpu": {
        "mean": 0.03225806451612903,
        "max": 10,
        "p95": 0
      },
      "memory": {
        "mean": 97.2011935483876,
        "max": 97.57,
        "p95": 97.2
      }
    }
  },
  "routing-controllers": {
    "build": {
      "mean": 1.5157086546799998,
      "stddev": 0.017152278325802774,
      "median": 1.51048818898,
      "min": 1.49653790148,
      "max": 1.5537123744799999,
      "relative": 1
    },
    "coldStart": {
      "mean": 0.6087586511500002,
      "stddev": 0.004808694008058636,
      "median": 0.6083787936,
      "min": 0.6007154961000001,
      "max": 0.6225986101000001,
      "relative": 1
    },
    "loadTest": {
      "requests": {
        "average": 6995.9,
        "mean": 6995.9,
        "stddev": 704.64,
        "min": 3531,
        "max": 7316,
        "total": 209860,
        "p0_001": 3531,
        "p0_01": 3531,
        "p0_1": 3531,
        "p1": 3531,
        "p2_5": 3531,
        "p10": 6603,
        "p25": 7099,
        "p50": 7171,
        "p75": 7251,
        "p90": 7283,
        "p97_5": 7319,
        "p99": 7319,
        "p99_9": 7319,
        "p99_99": 7319,
        "p99_999": 7319,
        "sent": 210860
      },
      "throughput": {
        "average": 2252526.94,
        "mean": 2252526.94,
        "stddev": 226860.91,
        "min": 1136982,
        "max": 2355752,
        "total": 67574920,
        "p0_001": 1137663,
        "p0_01": 1137663,
        "p0_1": 1137663,
        "p1": 1137663,
        "p2_5": 1137663,
        "p10": 2125823,
        "p25": 2287615,
        "p50": 2310143,
        "p75": 2334719,
        "p90": 2344959,
        "p97_5": 2357247,
        "p99": 2357247,
        "p99_9": 2357247,
        "p99_99": 2357247,
        "p99_999": 2357247
      },
      "latency": {
        "mean": 142.2,
        "stddev": 189.95,
        "p50": 137,
        "p75": 139,
        "p90": 144,
        "p95": 153,
        "p99": 168
      },
      "errors": 0
    },
    "resources": {
      "cpu": {
        "mean": 0,
        "max": 0,
        "p95": 0
      },
      "memory": {
        "mean": 97.25999999999938,
        "max": 97.26,
        "p95": 97.26
      }
    }
  }
}