{
  "machineSpecs": {
    "os": "macOS 26.1",
    "cpu": "Apple M2 Pro",
    "cores": 10,
    "memory": "32GB"
  },
  "results": {
    "vercube": {
      "build": {
        "mean": 0.6768405451400001,
        "stddev": 0.11476439708698505,
        "median": 0.66531749914,
        "min": 0.56456587414,
        "max": 0.9323402081400001,
        "relative": 1
      },
      "coldStart": {
        "mean": 0.5973288431800001,
        "stddev": 0.026422232103557656,
        "median": 0.5965733910800001,
        "min": 0.5396924120800001,
        "max": 0.6492839540800001,
        "relative": 1
      },
      "loadTest": {
        "requests": {
          "average": 42693.34,
          "mean": 42693.34,
          "stddev": 950.51,
          "min": 38001,
          "max": 43479,
          "total": 1280724,
          "p0_001": 38015,
          "p0_01": 38015,
          "p0_1": 38015,
          "p1": 38015,
          "p2_5": 38015,
          "p10": 42143,
          "p25": 42751,
          "p50": 42911,
          "p75": 43135,
          "p90": 43199,
          "p97_5": 43487,
          "p99": 43487,
          "p99_9": 43487,
          "p99_99": 43487,
          "p99_999": 43487,
          "sent": 1281724
        },
        "throughput": {
          "average": 10630212.27,
          "mean": 10630212.27,
          "stddev": 236073.05,
          "min": 9462249,
          "max": 10826271,
          "total": 318900276,
          "p0_001": 9469951,
          "p0_01": 9469951,
          "p0_1": 9469951,
          "p1": 9469951,
          "p2_5": 9469951,
          "p10": 10493951,
          "p25": 10641407,
          "p50": 10690559,
          "p75": 10739711,
          "p90": 10756095,
          "p97_5": 10829823,
          "p99": 10829823,
          "p99_9": 10829823,
          "p99_99": 10829823,
          "p99_999": 10829823
        },
        "latency": {
          "mean": 22.93,
          "stddev": 11.88,
          "p50": 17,
          "p75": 33,
          "p90": 34,
          "p95": 35,
          "p99": 35
        },
        "errors": 0
      },
      "resources": {
        "cpu": {
          "mean": 0.05844155844155844,
          "max": 18,
          "p95": 0
        },
        "memory": {
          "mean": 129.66999999999902,
          "max": 129.67,
          "p95": 129.67
        }
      }
    },
    "nestjs": {
      "build": {
        "mean": 1.7842274158399998,
        "stddev": 0.02296227133091461,
        "median": 1.78338947864,
        "min": 1.73977595814,
        "max": 1.81587270714,
        "relative": 1
      },
      "coldStart": {
        "mean": 0.7291285970800001,
        "stddev": 0.038950360009624097,
        "median": 0.7184538285800002,
        "min": 0.6941803280800001,
        "max": 0.8755129530800001,
        "relative": 1
      },
      "loadTest": {
        "requests": {
          "average": 39169.07,
          "mean": 39169.07,
          "stddev": 753.82,
          "min": 35793,
          "max": 39840,
          "total": 1175025,
          "p0_001": 35807,
          "p0_01": 35807,
          "p0_1": 35807,
          "p1": 35807,
          "p2_5": 35807,
          "p10": 38527,
          "p25": 38911,
          "p50": 39295,
          "p75": 39711,
          "p90": 39807,
          "p97_5": 39871,
          "p99": 39871,
          "p99_9": 39871,
          "p99_99": 39871,
          "p99_999": 39871,
          "sent": 1176025
        },
        "throughput": {
          "average": 12102587.74,
          "mean": 12102587.74,
          "stddev": 232454.01,
          "min": 11060037,
          "max": 12310560,
          "total": 363082725,
          "p0_001": 11067391,
          "p0_01": 11067391,
          "p0_1": 11067391,
          "p1": 11067391,
          "p2_5": 11067391,
          "p10": 11902975,
          "p25": 12017663,
          "p50": 12148735,
          "p75": 12263423,
          "p90": 12304383,
          "p97_5": 12312575,
          "p99": 12312575,
          "p99_9": 12312575,
          "p99_99": 12312575,
          "p99_999": 12312575
        },
        "latency": {
          "mean": 25.03,
          "stddev": 11.66,
          "p50": 19,
          "p75": 37,
          "p90": 39,
          "p95": 40,
          "p99": 41
        },
        "errors": 0
      },
      "resources": {
        "cpu": {
          "mean": 0.032467532467532464,
          "max": 10,
          "p95": 0
        },
        "memory": {
          "mean": 121.6967207792202,
          "max": 129.67,
          "p95": 129.67
        }
      }
    },
    "routing-controllers": {
      "build": {
        "mean": 0.85826036984,
        "stddev": 0.08606437559929597,
        "median": 0.86258343664,
        "min": 0.7402888321400001,
        "max": 1.01731529114,
        "relative": 1
      },
      "coldStart": {
        "mean": 0.6952683284800001,
        "stddev": 0.12337673407285628,
        "median": 0.65537018258,
        "min": 0.6127929950800001,
        "max": 1.16184645408,
        "relative": 1
      },
      "loadTest": {
        "requests": {
          "average": 36593.34,
          "mean": 36593.34,
          "stddev": 2135.38,
          "min": 30664,
          "max": 37988,
          "total": 1097720,
          "p0_001": 30671,
          "p0_01": 30671,
          "p0_1": 30671,
          "p1": 30671,
          "p2_5": 30671,
          "p10": 32415,
          "p25": 37247,
          "p50": 37631,
          "p75": 37823,
          "p90": 37919,
          "p97_5": 38015,
          "p99": 38015,
          "p99_9": 38015,
          "p99_99": 38015,
          "p99_999": 38015,
          "sent": 1098720
        },
        "throughput": {
          "average": 11782826.67,
          "mean": 11782826.67,
          "stddev": 686943.97,
          "min": 9873808,
          "max": 12232136,
          "total": 353465840,
          "p0_001": 9879551,
          "p0_01": 9879551,
          "p0_1": 9879551,
          "p1": 9879551,
          "p2_5": 9879551,
          "p10": 10444799,
          "p25": 11993087,
          "p50": 12115967,
          "p75": 12173311,
          "p90": 12206079,
          "p97_5": 12238847,
          "p99": 12238847,
          "p99_9": 12238847,
          "p99_99": 12238847,
          "p99_999": 12238847
        },
        "latency": {
          "mean": 26.82,
          "stddev": 14.92,
          "p50": 20,
          "p75": 39,
          "p90": 41,
          "p95": 44,
          "p99": 45
        },
        "errors": 0
      },
      "resources": {
        "cpu": {
          "mean": 0.06493506493506493,
          "max": 20,
          "p95": 0
        },
        "memory": {
          "mean": 127.60961038961051,
          "max": 129.98,
          "p95": 129.98
        }
      }
    }
  }
}