{
  "vercube": {
    "build": {
      "mean": 0.5659506940599999,
      "stddev": 0.0074423746332568765,
      "median": 0.5669899147599999,
      "min": 0.55442537276,
      "max": 0.57949791476,
      "relative": 1
    },
    "coldStart": {
      "mean": 0.5847144054400001,
      "stddev": 0.026467173793959083,
      "median": 0.58463954464,
      "min": 0.54154402414,
      "max": 0.67338202414,
      "relative": 1
    },
    "loadTest": {
      "requests": {
        "average": 40248.54,
        "mean": 40248.54,
        "stddev": 1254.79,
        "min": 37288,
        "max": 42585,
        "total": 1207439,
        "p0_001": 37311,
        "p0_01": 37311,
        "p0_1": 37311,
        "p1": 37311,
        "p2_5": 37311,
        "p10": 38367,
        "p25": 39679,
        "p50": 40191,
        "p75": 41151,
        "p90": 41535,
        "p97_5": 42591,
        "p99": 42591,
        "p99_9": 42591,
        "p99_99": 42591,
        "p99_999": 42591,
        "sent": 1208439
      },
      "throughput": {
        "average": 10022638.94,
        "mean": 10022638.94,
        "stddev": 312633.2,
        "min": 9284712,
        "max": 10603665,
        "total": 300652311,
        "p0_001": 9289727,
        "p0_01": 9289727,
        "p0_1": 9289727,
        "p1": 9289727,
        "p2_5": 9289727,
        "p10": 9551871,
        "p25": 9879551,
        "p50": 10010623,
        "p75": 10248191,
        "p90": 10346495,
        "p97_5": 10608639,
        "p99": 10608639,
        "p99_9": 10608639,
        "p99_99": 10608639,
        "p99_999": 10608639
      },
      "latency": {
        "mean": 24.34,
        "stddev": 12.14,
        "p50": 18,
        "p75": 35,
        "p90": 35,
        "p95": 36,
        "p99": 38
      },
      "errors": 0
    },
    "resources": {
      "cpu": {
        "mean": 0.06168831168831169,
        "max": 19,
        "p95": 0
      },
      "memory": {
        "mean": 130.58999999999946,
        "max": 130.59,
        "p95": 130.59
      }
    }
  },
  "nestjs": {
    "build": {
      "mean": 1.8258307609600002,
      "stddev": 0.04378066818612389,
      "median": 1.8159242072600001,
      "min": 1.77078670676,
      "max": 1.90881674776,
      "relative": 1
    },
    "coldStart": {
      "mean": 0.74463280344,
      "stddev": 0.031397777081250584,
      "median": 0.74270350314,
      "min": 0.69023652414,
      "max": 0.83242827414,
      "relative": 1
    },
    "loadTest": {
      "requests": {
        "average": 36609.07,
        "mean": 36609.07,
        "stddev": 886.42,
        "min": 33907,
        "max": 38544,
        "total": 1098217,
        "p0_001": 33919,
        "p0_01": 33919,
        "p0_1": 33919,
        "p1": 33919,
        "p2_5": 33919,
        "p10": 35327,
        "p25": 36191,
        "p50": 36767,
        "p75": 37023,
        "p90": 37791,
        "p97_5": 38559,
        "p99": 38559,
        "p99_9": 38559,
        "p99_99": 38559,
        "p99_999": 38559,
        "sent": 1099217
      },
      "throughput": {
        "average": 11311786.67,
        "mean": 11311786.67,
        "stddev": 273914.59,
        "min": 10477263,
        "max": 11910096,
        "total": 339349053,
        "p0_001": 10477567,
        "p0_01": 10477567,
        "p0_1": 10477567,
        "p1": 10477567,
        "p2_5": 10477567,
        "p10": 10911743,
        "p25": 11173887,
        "p50": 11354111,
        "p75": 11444223,
        "p90": 11673599,
        "p97_5": 11911167,
        "p99": 11911167,
        "p99_9": 11911167,
        "p99_99": 11911167,
        "p99_999": 11911167
      },
      "latency": {
        "mean": 26.81,
        "stddev": 13.54,
        "p50": 20,
        "p75": 39,
        "p90": 40,
        "p95": 41,
        "p99": 42
      },
      "errors": 0
    },
    "resources": {
      "cpu": {
        "mean": 0.03571428571428571,
        "max": 11,
        "p95": 0
      },
      "memory": {
        "mean": 129.83000000000098,
        "max": 129.83,
        "p95": 129.83
      }
    }
  },
  "routing-controllers": {
    "build": {
      "mean": 0.74006769846,
      "stddev": 0.01105336237084297,
      "median": 0.7388293942599999,
      "min": 0.72546208176,
      "max": 0.75642433176,
      "relative": 1
    },
    "coldStart": {
      "mean": 0.6641040950400001,
      "stddev": 0.024306372615351995,
      "median": 0.65769148264,
      "min": 0.63004460714,
      "max": 0.72911719114,
      "relative": 1
    },
    "loadTest": {
      "requests": {
        "average": 34979.2,
        "mean": 34979.2,
        "stddev": 1318.87,
        "min": 29750,
        "max": 36719,
        "total": 1049352,
        "p0_001": 29759,
        "p0_01": 29759,
        "p0_1": 29759,
        "p1": 29759,
        "p2_5": 29759,
        "p10": 34079,
        "p25": 34623,
        "p50": 35295,
        "p75": 35679,
        "p90": 36063,
        "p97_5": 36735,
        "p99": 36735,
        "p99_9": 36735,
        "p99_99": 36735,
        "p99_999": 36735,
        "sent": 1050352
      },
      "throughput": {
        "average": 11263726.94,
        "mean": 11263726.94,
        "stddev": 425409.83,
        "min": 9579500,
        "max": 11823518,
        "total": 337891344,
        "p0_001": 9584639,
        "p0_01": 9584639,
        "p0_1": 9584639,
        "p1": 9584639,
        "p2_5": 9584639,
        "p10": 10969087,
        "p25": 11149311,
        "p50": 11362303,
        "p75": 11493375,
        "p90": 11616255,
        "p97_5": 11829247,
        "p99": 11829247,
        "p99_9": 11829247,
        "p99_99": 11829247,
        "p99_999": 11829247
      },
      "latency": {
        "mean": 28.08,
        "stddev": 15.14,
        "p50": 21,
        "p75": 41,
        "p90": 42,
        "p95": 43,
        "p99": 44
      },
      "errors": 0
    },
    "resources": {
      "cpu": {
        "mean": 0.07467532467532467,
        "max": 23,
        "p95": 0
      },
      "memory": {
        "mean": 130.80000000000013,
        "max": 130.8,
        "p95": 130.8
      }
    }
  }
}